{
    "metadata":{
        "version":3,
        "generator":"io_three",
        "vertices":29,
        "uvs":1,
        "type":"Geometry",
        "normals":33,
        "faces":33
    },
    "uvs":[[0.491486,0.158634,0.691468,0.158634,0.691468,0.238588,0.691468,0.385585,0.491486,0.385585,0.119464,0.385586,0.014473,0.385586,0.014473,0.158634,0.119464,0.158634,0.36319,0.158634,0.36319,0.385586,0.246951,0.385586,0.246951,0.158634,0.691467,0.014473,0.014473,0.014473,0.014473,0.446956,0.691468,0.446955,0.053936,0.515364,0.209516,0.515364,0.209516,0.662361,0.053936,0.662361,0.014473,0.662361,0.014473,0.515364,0.209516,0.701824,0.053936,0.701824,0.053936,0.475901,0.209516,0.475901,0.24898,0.515364,0.24898,0.662361,0.760707,0.385585,0.916288,0.385585,0.985527,0.385585,0.985528,0.446955,0.985527,0.238588,0.916287,0.238588,0.760707,0.238588,0.985527,0.014473]],
    "vertices":[2.64078,1.73692,8.50584,-2.37761,1.83394,8.41888,1.80121,1.0412,10.1825,2.60814,-0.973942,7.36463,-2.41025,-0.876918,7.27767,1.76857,-1.66966,9.04126,-2.38849,0.930321,8.03848,-2.40562,-0.492243,7.43961,-0.236,0.521983,8.94689,0.555923,0.371751,9.28111,-0.253126,-0.900582,8.34802,0.538797,-1.05081,8.68224,-1.75755,-0.615185,7.71311,-0.970622,-0.764469,8.04522,-1.74042,0.807379,8.31198,-0.953497,0.658096,8.64409,2.42618,0.168316,8.30924,1.98198,-0.199774,9.19631,2.41509,-0.753081,7.92135,1.7732,-1.28499,9.2032,1.79033,0.137578,9.80207,1.97089,-1.12117,8.80842,2.18259,0.214526,8.20643,1.73839,-0.153564,9.0935,2.1715,-0.70687,7.81854,1.7273,-1.07496,8.70561,2.62387,0.33213,7.91446,2.61278,-0.589266,7.52657,1.7843,-0.363589,9.59109],
    "faces":[40,11,9,20,4,0,1,0,0,0,40,28,19,11,2,3,4,1,1,1,40,20,28,11,1,2,4,2,2,2,41,12,7,6,14,5,6,7,8,3,3,3,3,41,8,10,13,15,9,10,11,12,4,4,4,4,40,1,2,20,14,13,1,5,5,5,40,9,8,15,0,9,12,6,6,6,40,1,20,9,14,1,0,7,7,7,40,14,6,1,8,7,14,8,8,8,40,1,9,15,14,0,12,9,9,9,40,15,14,1,12,8,14,10,10,10,40,5,4,7,16,15,6,11,11,11,40,12,13,10,5,11,10,12,12,12,40,5,7,12,16,6,5,13,13,13,40,11,19,5,4,3,16,14,14,14,40,12,10,11,5,10,4,15,15,15,40,12,11,5,5,4,16,16,16,16,41,23,22,24,25,17,18,19,20,17,17,17,17,41,21,17,23,25,21,22,17,20,18,18,18,18,41,18,21,25,24,23,24,20,19,19,19,19,19,41,17,16,22,23,25,26,18,17,20,20,20,20,41,16,18,24,22,27,28,19,18,21,21,21,21,40,19,21,18,3,29,30,22,22,22,40,18,27,3,30,31,32,23,23,23,40,3,5,19,32,16,3,24,24,24,40,18,3,19,30,32,3,25,25,25,41,26,27,18,16,33,31,30,34,26,26,26,26,40,16,17,28,34,35,2,27,27,27,40,28,20,2,2,1,13,28,28,28,40,2,0,26,13,36,33,29,29,29,40,16,28,2,34,2,13,30,30,30,40,16,2,26,34,13,33,31,31,31,41,17,21,19,28,35,29,3,2,32,32,32,32],
    "normals":[0.419786,0.34786,-0.838316,0.419786,0.34786,-0.838316,0.419786,0.347861,-0.838315,0.419786,0.34786,-0.838316,0.419786,0.34786,-0.838316,0.419786,0.34786,-0.838316,-0.123091,-0.984732,-0.123091,0.419786,0.347859,-0.838316,0.419786,0.34786,-0.838316,0.419786,0.34786,-0.838316,0.419786,0.34786,-0.838315,0.419786,0.34786,-0.838316,-0.057427,0.842269,0.53599,0.419786,0.347858,-0.838316,0.419786,0.347859,-0.838316,0.159958,0.984359,0.073827,0.419786,0.347859,-0.838316,-0.907555,0.172168,-0.383016,-0.419784,-0.34786,0.838317,-0.011095,-0.921603,-0.387976,0.011095,0.921603,0.387976,0.419787,0.34786,-0.838315,-0.903009,0.06841,-0.42414,-0.907555,0.172168,-0.383016,-0.907555,0.172168,-0.383017,-0.907555,0.172168,-0.383016,-0.907555,0.172168,-0.383016,-0.800791,0.578349,-0.155709,-0.982879,0.080794,-0.165594,-0.907555,0.172168,-0.383016,-0.907555,0.172168,-0.383017,-0.907556,0.172167,-0.383016,-0.907555,0.172168,-0.383016],
    "name":"CubeGeometry.3"
}